name,mentions,images,evidence_lines,raca,classe,genero,orientacao_sexual,fonte_raca,fonte_classe,fonte_genero,fonte_orientacao_sexual,wikidata_qid,wikidata_label,wikidata_description,wikidata_score,wikidata_url,wikipedia_pt,wikipedia_en,wikidata_query,ocupacoes_wikidata,classe_ocupacional
Enrique Dussel,4,"['Screenshot_20251218_075429_Instagram.jpg', 'Screenshot_20251218_075434_Instagram.jpg']",['Enrique Dussel'],desconhecido,desconhecido,masculino,desconhecido,,,https://www.wikidata.org/wiki/Q473518,,Q473518,Enrique Dussel,Argentine-Mexican philosopher,,https://www.wikidata.org/wiki/Q473518,https://pt.wikipedia.org/wiki/Enrique_Dussel,https://en.wikipedia.org/wiki/Enrique_Dussel,Enrique Dussel,historiador da religião; teólogo; filósofo; professor universitário; historiador,academia/intelectual
Vladimir Safatle,4,"['Screenshot_20251218_075412_Instagram.jpg', 'Screenshot_20251218_075421_Instagram.jpg', 'Screenshot_20251218_075431_Instagram.jpg', 'Screenshot_20251218_075437_Instagram.jpg']",['Vladimir Safatle'],desconhecido,desconhecido,masculino,desconhecido,,,https://www.wikidata.org/wiki/Q10392247,,Q10392247,Vladimir Safatle,filósofo brasileiro,,https://www.wikidata.org/wiki/Q10392247,https://pt.wikipedia.org/wiki/Vladimir_Safatle,https://en.wikipedia.org/wiki/Vladimir_Safatle,Vladimir Safatle,filósofo; colunista; professor universitário,academia/intelectual
Frantz Fanon,3,"['Screenshot_20251218_075415_Instagram.jpg', 'Screenshot_20251218_075418_Instagram.jpg']",['Frantz Fanon'],negro,desconhecido,masculino,desconhecido,https://www.wikidata.org/wiki/Q193670,,https://www.wikidata.org/wiki/Q193670,,Q193670,Frantz Fanon,psiquiatra e filósofo político marxista francês,,https://www.wikidata.org/wiki/Q193670,https://pt.wikipedia.org/wiki/Frantz_Fanon,https://en.wikipedia.org/wiki/Frantz_Fanon,Frantz Fanon,escritor; filósofo; psiquiatra; ensaísta; sociólogo,academia/intelectual
Ranajit Guha,3,"['Screenshot_20251218_075421_Instagram.jpg', 'Screenshot_20251218_075426_Instagram.jpg']",['Ranajit Guha'],desconhecido,desconhecido,masculino,desconhecido,,,https://www.wikidata.org/wiki/Q475026,,Q475026,Ranajit Guha,Indian historian(Professor),,https://www.wikidata.org/wiki/Q475026,https://pt.wikipedia.org/wiki/Ranajit_Guha,https://en.wikipedia.org/wiki/Ranajit_Guha,Ranajit Guha,autor; historiador,academia/intelectual
Roberto Schwarz,3,"['Screenshot_20251218_075415_Instagram.jpg', 'Screenshot_20251218_075421_Instagram.jpg']",['Roberto Schwarz'],desconhecido,desconhecido,masculino,desconhecido,,,https://www.wikidata.org/wiki/Q525692,,Q525692,Roberto Schwarz,Brazilian journalist and author,,https://www.wikidata.org/wiki/Q525692,https://pt.wikipedia.org/wiki/Roberto_Schwarz,,Roberto Schwarz,jornalista; professor universitário; escritor; crítico literário,academia/intelectual
Aníbal Quijano,2,"['Screenshot_20251218_075429_Instagram.jpg', 'Screenshot_20251218_075437_Instagram.jpg']",['Aníbal Quijano'],desconhecido,desconhecido,masculino,desconhecido,,,https://www.wikidata.org/wiki/Q1432523,,Q1432523,Aníbal Quijano,sociólogo peruano,,https://www.wikidata.org/wiki/Q1432523,https://pt.wikipedia.org/wiki/Aníbal_Quijano,https://en.wikipedia.org/wiki/Aníbal_Quijano,Aníbal Quijano,sociólogo,outros
Carl Schmitt,2,"['Screenshot_20251218_075406_Instagram.jpg', 'Screenshot_20251218_075412_Instagram.jpg']",['Carl Schmitt'],alemães,desconhecido,masculino,desconhecido,https://www.wikidata.org/wiki/Q77148,,https://www.wikidata.org/wiki/Q77148,,Q77148,Carl Schmitt,professor académico alemão,,https://www.wikidata.org/wiki/Q77148,https://pt.wikipedia.org/wiki/Carl_Schmitt,https://en.wikipedia.org/wiki/Carl_Schmitt,Carl Schmitt,jurista; geopolitical analyst; político,política/militância
Edward W Said,2,"['Screenshot_20251218_075423_Instagram.jpg', 'Screenshot_20251218_075426_Instagram.jpg']",['Edward W Said'],desconhecido,desconhecido,masculino,desconhecido,,,https://www.wikidata.org/wiki/Q201538,,Q201538,Edward Said,Palestinian-American professor (1935–2003),,https://www.wikidata.org/wiki/Q201538,https://pt.wikipedia.org/wiki/Edward_Said,https://en.wikipedia.org/wiki/Edward_Said,Edward Said,escritor; crítico literário; jornalista; filósofo; musicólogo,academia/intelectual
G Hegel,2,['Screenshot_20251218_075409_Instagram.jpg'],['G Hegel'],alemães,desconhecido,masculino,desconhecido,https://www.wikidata.org/wiki/Q9235,,https://www.wikidata.org/wiki/Q9235,,Q9235,Hegel,filósofo e teólogo alemão (1770–1831),,https://www.wikidata.org/wiki/Q9235,https://pt.wikipedia.org/wiki/Georg_Wilhelm_Friedrich_Hegel,https://en.wikipedia.org/wiki/Georg_Wilhelm_Friedrich_Hegel,Georg Wilhelm Friedrich Hegel,filósofo; professor universitário; historiador da filosofia; escritor; Jusfilósofo,academia/intelectual
Gayatri Chakravorty Spivak,2,"['Screenshot_20251218_075423_Instagram.jpg', 'Screenshot_20251218_075426_Instagram.jpg']",['Gayatri Chakravorty Spivak'],desconhecido,desconhecido,feminino,desconhecido,,,https://www.wikidata.org/wiki/Q240851,,Q240851,Gayatri Chakravorty Spivak,"Acadêmica indiana, teórica literária, e crítica feminista",,https://www.wikidata.org/wiki/Q240851,https://pt.wikipedia.org/wiki/Gayatri_Chakravorty_Spivak,https://en.wikipedia.org/wiki/Gayatri_Chakravorty_Spivak,Gayatri Chakravorty Spivak,escritor; filósofo; professor universitário; tradutor; crítico literário,academia/intelectual
Karl Marx,2,"['Screenshot_20251218_075412_Instagram.jpg', 'Screenshot_20251218_075421_Instagram.jpg']",['Karl Marx'],Asquenazes,desconhecido,masculino,desconhecido,https://www.wikidata.org/wiki/Q9061,,https://www.wikidata.org/wiki/Q9061,,Q9061,Karl Marx,filósofo alemão (1818–1883),,https://www.wikidata.org/wiki/Q9061,https://pt.wikipedia.org/wiki/Karl_Marx,https://en.wikipedia.org/wiki/Karl_Marx,Karl Marx,economista; jornalista; historiador; filósofo; sociólogo,academia/intelectual
Maurizio Lazzarato,2,['Screenshot_20251218_075418_Instagram.jpg'],['Maurizio Lazzarato'],desconhecido,desconhecido,masculino,desconhecido,,,https://www.wikidata.org/wiki/Q948834,,Q948834,Maurizio Lazzarato,French sociologist (born 1955),,https://www.wikidata.org/wiki/Q948834,https://pt.wikipedia.org/wiki/Maurizio_Lazzarato,https://en.wikipedia.org/wiki/Maurizio_Lazzarato,Maurizio Lazzarato,sociólogo; filósofo; teórico; escritor,academia/intelectual
Michel de Montaigne,2,"['Screenshot_20251218_075406_Instagram.jpg', 'Screenshot_20251218_075412_Instagram.jpg']",['Michel de Montaigne'],desconhecido,desconhecido,masculino,desconhecido,,,https://www.wikidata.org/wiki/Q41568,,Q41568,Michel de Montaigne,Filósofo renascentista francês,,https://www.wikidata.org/wiki/Q41568,https://pt.wikipedia.org/wiki/Michel_de_Montaigne,https://en.wikipedia.org/wiki/Michel_de_Montaigne,Michel de Montaigne,filósofo; tradutor; jurista; ensaísta; autobiógrafo,academia/intelectual
Rosa Luxemburgo,2,['Screenshot_20251218_075418_Instagram.jpg'],['Rosa Luxemburgo'],desconhecido,desconhecido,feminino,desconhecido,,,https://www.wikidata.org/wiki/Q7231,,Q7231,Rosa Luxemburgo,filósofa marxista polaco-alemã (1871–1919),,https://www.wikidata.org/wiki/Q7231,https://pt.wikipedia.org/wiki/Rosa_Luxemburgo,https://en.wikipedia.org/wiki/Rosa_Luxemburg,Rosa Luxemburgo,político; filósofo; revolucionário; economista; jornalista,academia/intelectual
S Eisenstadt,2,"['Screenshot_20251218_075423_Instagram.jpg', 'Screenshot_20251218_075434_Instagram.jpg']",['S Eisenstadt'],desconhecido,desconhecido,masculino,desconhecido,,,https://www.wikidata.org/wiki/Q677793,,Q677793,Shmuel Eisenstadt,Israeli sociologist (1923–2010),,https://www.wikidata.org/wiki/Q677793,https://pt.wikipedia.org/wiki/Shmuel_Eisenstadt,https://en.wikipedia.org/wiki/Shmuel_Eisenstadt,Shmuel Eisenstadt,sociólogo; professor universitário,academia/intelectual
Silvia Rivera Cusicanqui,2,['Screenshot_20251218_075434_Instagram.jpg'],['Silvia Rivera Cusicanqui'],desconhecido,desconhecido,feminino,desconhecido,,,https://www.wikidata.org/wiki/Q7517038,,Q7517038,Silvia Rivera Cusicanqui,intelectual e ativista boliviana,,https://www.wikidata.org/wiki/Q7517038,https://pt.wikipedia.org/wiki/Silvia_Rivera_Cusicanqui,https://en.wikipedia.org/wiki/Silvia_Rivera_Cusicanqui,Silvia Rivera Cusicanqui,historiador; sociólogo; professor universitário; escritor,academia/intelectual
Walter D Mignolo,2,['Screenshot_20251218_075437_Instagram.jpg'],['Walter D Mignolo'],desconhecido,desconhecido,masculino,desconhecido,,,https://www.wikidata.org/wiki/Q497968,,Q497968,Walter Mignolo,Argentine semiotician,,https://www.wikidata.org/wiki/Q497968,https://pt.wikipedia.org/wiki/Walter_Mignolo,https://en.wikipedia.org/wiki/Walter_Mignolo,Walter D. Mignolo,filósofo; professor universitário; crítico literário,academia/intelectual
Aimé Césaire,1,['Screenshot_20251218_075418_Instagram.jpg'],['Aimé Césaire'],negro,desconhecido,masculino,desconhecido,https://www.wikidata.org/wiki/Q223955,,https://www.wikidata.org/wiki/Q223955,,Q223955,Aimé Césaire,político francês,,https://www.wikidata.org/wiki/Q223955,https://pt.wikipedia.org/wiki/Aimé_Césaire,https://en.wikipedia.org/wiki/Aimé_Césaire,Aimé Césaire,político; poeta; escritor; dramaturgo,artes/letras
Amílcar Cabral,1,['Screenshot_20251218_075418_Instagram.jpg'],['Amílcar Cabral'],desconhecido,desconhecido,masculino,desconhecido,,,https://www.wikidata.org/wiki/Q213416,,Q213416,Amílcar Cabral,político da Guiné-Bissau e Cabo Verde,,https://www.wikidata.org/wiki/Q213416,https://pt.wikipedia.org/wiki/Amílcar_Cabral,https://en.wikipedia.org/wiki/Amílcar_Cabral,Amílcar Cabral,político; engenheiro agrícola; engenheiro; escritor; agrônomo,artes/letras
Antonio Gramsci,1,['Screenshot_20251218_075426_Instagram.jpg'],['Antonio Gramsci'],desconhecido,desconhecido,masculino,desconhecido,,,https://www.wikidata.org/wiki/Q83003,,Q83003,Antonio Gramsci,"filósofo marxista, jornalista, crítico literário, linguista, historiador e político italiano",,https://www.wikidata.org/wiki/Q83003,https://pt.wikipedia.org/wiki/Antonio_Gramsci,https://en.wikipedia.org/wiki/Antonio_Gramsci,Antonio Gramsci,filósofo; político; jornalista; escritor; economista,academia/intelectual
Arturo Escobar,1,['Screenshot_20251218_075434_Instagram.jpg'],['Arturo Escobar'],desconhecido,desconhecido,masculino,desconhecido,,,https://www.wikidata.org/wiki/Q4801729,,Q4801729,Arturo Escobar,Colombian anthropologist,,https://www.wikidata.org/wiki/Q4801729,https://pt.wikipedia.org/wiki/Arturo_Escobar,https://en.wikipedia.org/wiki/Arturo_Escobar_(anthropologist),Arturo Escobar,antropólogo; geógrafo(a),academia/intelectual
Barbara Arneil,1,['Screenshot_20251218_075409_Instagram.jpg'],['Barbara Arneil'],desconhecido,desconhecido,feminino,desconhecido,,,https://www.wikidata.org/wiki/Q115861662,,Q115861662,Barbara Arneil,British-Canadian political scientist,,https://www.wikidata.org/wiki/Q115861662,,https://en.wikipedia.org/wiki/Barbara_Arneil,Barbara Arneil,cientista político,política/militância
Bartolomé de Las Casas,1,['Screenshot_20251218_075412_Instagram.jpg'],['Bartolomé de Las Casas'],desconhecido,desconhecido,masculino,desconhecido,,,https://www.wikidata.org/wiki/Q207416,,Q207416,Bartolomé de las Casas,"Spanish Dominican friar, historian, and social reformer (1474–1566)",,https://www.wikidata.org/wiki/Q207416,https://pt.wikipedia.org/wiki/Bartolomeu_de_las_Casas,https://en.wikipedia.org/wiki/Bartolomé_de_las_Casas,Bartolomé de Las Casas,escritor; teólogo; cronista; jurista; historiador,academia/intelectual
Bjorn Wittrock,1,['Screenshot_20251218_075423_Instagram.jpg'],['Bjorn Wittrock'],desconhecido,desconhecido,desconhecido,desconhecido,,,,,,,,,,,,,,desconhecido
Catherine E Walsh,1,['Screenshot_20251218_075437_Instagram.jpg'],['Catherine E Walsh'],desconhecido,desconhecido,desconhecido,desconhecido,,,,,,,,,,,,,,desconhecido
Celso Furtado,1,['Screenshot_20251218_075418_Instagram.jpg'],['Celso Furtado'],desconhecido,desconhecido,masculino,desconhecido,,,https://www.wikidata.org/wiki/Q984416,,Q984416,Celso Furtado,economista brasileiro,,https://www.wikidata.org/wiki/Q984416,https://pt.wikipedia.org/wiki/Celso_Furtado,https://en.wikipedia.org/wiki/Celso_Furtado,Celso Furtado,economista; diplomata; político,política/militância
Chantal Mouffe,1,['Screenshot_20251218_075426_Instagram.jpg'],['Chantal Mouffe'],desconhecido,desconhecido,feminino,desconhecido,,,https://www.wikidata.org/wiki/Q236173,,Q236173,Chantal Mouffe,Belgian post-marxist political theorist (born 1943),,https://www.wikidata.org/wiki/Q236173,https://pt.wikipedia.org/wiki/Chantal_Mouffe,https://en.wikipedia.org/wiki/Chantal_Mouffe,Chantal Mouffe,cientista político; filósofo; professor universitário; ativista pelos direitos das mulheres,academia/intelectual
Daniela Coelho Dos Santos,1,['Screenshot_20251218_075434_Instagram.jpg'],['Daniela Coelho Dos Santos'],desconhecido,desconhecido,desconhecido,desconhecido,,,,,,,,,,,,,,desconhecido
David Graeber,1,['Screenshot_20251218_075409_Instagram.jpg'],['David Graeber'],judeu,desconhecido,masculino,desconhecido,https://www.wikidata.org/wiki/Q1174579,,https://www.wikidata.org/wiki/Q1174579,,Q1174579,David Graeber,"Autor, anarquista e antropólogo estadunidense",,https://www.wikidata.org/wiki/Q1174579,https://pt.wikipedia.org/wiki/David_Graeber,https://en.wikipedia.org/wiki/David_Graeber,David Graeber,antropólogo; professor universitário; escritor; sindicalista; social anthropologist,academia/intelectual
David James,1,['Screenshot_20251218_075409_Instagram.jpg'],['David James'],desconhecido,desconhecido,masculino,desconhecido,,,https://www.wikidata.org/wiki/Q5235553,,Q5235553,David James,British politician (1919-1986),,https://www.wikidata.org/wiki/Q5235553,,https://en.wikipedia.org/wiki/David_James_(British_MP),David James,político,política/militância
David Wengrow,1,['Screenshot_20251218_075409_Instagram.jpg'],['David Wengrow'],desconhecido,desconhecido,masculino,desconhecido,,,https://www.wikidata.org/wiki/Q64594136,,Q64594136,David Wengrow,British archaeologist,,https://www.wikidata.org/wiki/Q64594136,,https://en.wikipedia.org/wiki/David_Wengrow,David Wengrow,arqueólogo; estudioso de pré-historia,outros
Denise Ferreira Da Silva,1,['Screenshot_20251218_075434_Instagram.jpg'],['Denise Ferreira Da Silva'],afro-brasileiro(a),desconhecido,feminino,desconhecido,https://www.wikidata.org/wiki/Q115750026,,https://www.wikidata.org/wiki/Q115750026,,Q115750026,Denise Ferreira da Silva,filósofa e artista visual brasileira,,https://www.wikidata.org/wiki/Q115750026,https://pt.wikipedia.org/wiki/Denise_Ferreira_da_Silva,https://en.wikipedia.org/wiki/Denise_Ferreira_da_Silva,Denise Ferreira Da Silva,filósofo; escritor; artista visual,academia/intelectual
Dipesh Chakrabarty,1,['Screenshot_20251218_075426_Instagram.jpg'],['Dipesh Chakrabarty'],desconhecido,desconhecido,masculino,desconhecido,,,https://www.wikidata.org/wiki/Q251282,,Q251282,Dipesh Chakrabarty,historiador indiano,,https://www.wikidata.org/wiki/Q251282,https://pt.wikipedia.org/wiki/Dipesh_Chakrabarty,https://en.wikipedia.org/wiki/Dipesh_Chakrabarty,Dipesh Chakrabarty,autor; historiador; sociólogo; antropólogo; professor universitário,academia/intelectual
Edouard Glissant,1,['Screenshot_20251218_075426_Instagram.jpg'],['Edouard Glissant'],desconhecido,desconhecido,masculino,desconhecido,,,https://www.wikidata.org/wiki/Q274319,,Q274319,Édouard Glissant,"escritor, poeta, romancista, teatrólogo e ensaísta francês",,https://www.wikidata.org/wiki/Q274319,https://pt.wikipedia.org/wiki/Édouard_Glissant,https://en.wikipedia.org/wiki/Édouard_Glissant,Édouard Glissant,escritor; poeta; romancista; professor universitário; crítico literário,academia/intelectual
Franz Knappik,1,['Screenshot_20251218_075409_Instagram.jpg'],['Franz Knappik'],desconhecido,desconhecido,desconhecido,desconhecido,,,,,,,,,,,,,,desconhecido
Hannah Arendt,1,['Screenshot_20251218_075418_Instagram.jpg'],['Hannah Arendt'],desconhecido,desconhecido,feminino,desconhecido,,,https://www.wikidata.org/wiki/Q60025,,Q60025,Hannah Arendt,"escritora e pensadora judia, nascida na Alemanha e radicada nos EUA",,https://www.wikidata.org/wiki/Q60025,https://pt.wikipedia.org/wiki/Hannah_Arendt,https://en.wikipedia.org/wiki/Hannah_Arendt,Hannah Arendt,filósofo; historiador; escritor; cientista político; ensaísta,academia/intelectual
Homi K Bhabha,1,['Screenshot_20251218_075423_Instagram.jpg'],['Homi K Bhabha'],desconhecido,desconhecido,masculino,desconhecido,,,https://www.wikidata.org/wiki/Q325741,,Q325741,Homi K. Bhabha,Indian critical theorist (born 1949),,https://www.wikidata.org/wiki/Q325741,https://pt.wikipedia.org/wiki/Homi_K._Bhabha,https://en.wikipedia.org/wiki/Homi_K._Bhabha,Homi K. Bhabha,filósofo; professor; crítico literário; professor; historiador literário,academia/intelectual
Ismail Xavier,1,['Screenshot_20251218_075421_Instagram.jpg'],['Ismail Xavier'],desconhecido,desconhecido,masculino,desconhecido,,,https://www.wikidata.org/wiki/Q101242567,,Q101242567,Ismail Xavier,professor universitário e pesquisador ativo no Brasil,,https://www.wikidata.org/wiki/Q101242567,https://pt.wikipedia.org/wiki/Ismail_Xavier,,Ismail Xavier,professor universitário; teórico de cinema,academia/intelectual
Jacques Derrida,1,['Screenshot_20251218_075426_Instagram.jpg'],['Jacques Derrida'],desconhecido,desconhecido,masculino,desconhecido,,,https://www.wikidata.org/wiki/Q130631,,Q130631,Jacques Derrida,filósofo francés,,https://www.wikidata.org/wiki/Q130631,https://pt.wikipedia.org/wiki/Jacques_Derrida,https://en.wikipedia.org/wiki/Jacques_Derrida,Jacques Derrida,filósofo; crítico literário; professor universitário; escritor,academia/intelectual
Jean-Christophe Goddard,1,['Screenshot_20251218_075434_Instagram.jpg'],['Jean-Christophe Goddard'],desconhecido,desconhecido,masculino,desconhecido,,,https://www.wikidata.org/wiki/Q3164750,,Q3164750,Jean-Christophe Goddard,professor francês,,https://www.wikidata.org/wiki/Q3164750,,,Jean-Christophe Goddard,professor universitário; filósofo; tradutor,academia/intelectual
Johann Pall Arnason,1,['Screenshot_20251218_075423_Instagram.jpg'],['Johann Pall Arnason'],desconhecido,desconhecido,masculino,desconhecido,,,https://www.wikidata.org/wiki/Q12025777,,Q12025777,Jóhann Páll Árnason,Icelandic sociologist,,https://www.wikidata.org/wiki/Q12025777,,,Johann Pall Arnason,pedagogo; sociólogo,outros
John Locke,1,['Screenshot_20251218_075412_Instagram.jpg'],['John Locke'],ingleses,desconhecido,masculino,desconhecido,https://www.wikidata.org/wiki/Q9353,,https://www.wikidata.org/wiki/Q9353,,Q9353,John Locke,filósofo e médico inglês (1632–1704),,https://www.wikidata.org/wiki/Q9353,https://pt.wikipedia.org/wiki/John_Locke,https://en.wikipedia.org/wiki/John_Locke,John Locke,filósofo; político; médico; escritor; cientista,academia/intelectual
José Carlos Mariátegui,1,['Screenshot_20251218_075418_Instagram.jpg'],['José Carlos Mariátegui'],desconhecido,desconhecido,masculino,desconhecido,,,https://www.wikidata.org/wiki/Q335544,,Q335544,José Carlos Mariátegui,Peruvian writer and academic (1894–1930),,https://www.wikidata.org/wiki/Q335544,https://pt.wikipedia.org/wiki/José_Carlos_Mariátegui,https://en.wikipedia.org/wiki/José_Carlos_Mariátegui,José Carlos Mariátegui,jornalista; sociólogo; editor; political theorist; ensaísta,academia/intelectual
Juan Ginés de Sepúlveda,1,['Screenshot_20251218_075412_Instagram.jpg'],['Juan Ginés de Sepúlveda'],desconhecido,desconhecido,masculino,desconhecido,,,https://www.wikidata.org/wiki/Q940132,,Q940132,Juan Ginés de Sepúlveda,Spanish philosopher and theologian (1490-1573),,https://www.wikidata.org/wiki/Q940132,https://pt.wikipedia.org/wiki/Juan_Ginés_de_Sepúlveda,https://en.wikipedia.org/wiki/Juan_Ginés_de_Sepúlveda,Juan Ginés de Sepúlveda,humanista do Renascimento; poeta; filósofo; político; tradutor,academia/intelectual
Lélia Gonzalez,1,['Screenshot_20251218_075426_Instagram.jpg'],['Lélia Gonzalez'],afro-brasileiro(a); negro,desconhecido,feminino,desconhecido,https://www.wikidata.org/wiki/Q10321947,,https://www.wikidata.org/wiki/Q10321947,,Q10321947,Lélia Gonzalez,ativista e intelectual brasileira,,https://www.wikidata.org/wiki/Q10321947,https://pt.wikipedia.org/wiki/Lélia_Gonzalez,https://en.wikipedia.org/wiki/Lélia_Gonzalez,Lélia Gonzalez,antropólogo; professor; político; ativista de direitos humanos; filósofo,academia/intelectual
María Lugones,1,['Screenshot_20251218_075434_Instagram.jpg'],['María Lugones'],desconhecido,desconhecido,feminino,lesbianidade,,,https://www.wikidata.org/wiki/Q6761379,https://www.wikidata.org/wiki/Q6761379,Q6761379,Maria Lugones,"filósofa, feminista, professora e ativista argentina",,https://www.wikidata.org/wiki/Q6761379,https://pt.wikipedia.org/wiki/María_Lugones,https://en.wikipedia.org/wiki/Maria_Lugones,María Lugones,filósofo; sociólogo; professor universitário; ativista pelos direitos das mulheres,academia/intelectual
Nascimento Abdias,1,['Screenshot_20251218_075434_Instagram.jpg'],['Nascimento Abdias'],afro-brasileiro(a),desconhecido,masculino,desconhecido,https://www.wikidata.org/wiki/Q2737040,,https://www.wikidata.org/wiki/Q2737040,,Q2737040,Abdias do Nascimento,"ator, poeta, escritor, dramaturgo, artista plástico, professor, político e ativista brasileiro",,https://www.wikidata.org/wiki/Q2737040,https://pt.wikipedia.org/wiki/Abdias_do_Nascimento,https://en.wikipedia.org/wiki/Abdias_do_Nascimento,Abdias do Nascimento,político; pintor; ator; escritor; produtor de teatro,artes/letras
Nelson Maldonado-Torres,1,['Screenshot_20251218_075434_Instagram.jpg'],['Nelson Maldonado-Torres'],desconhecido,desconhecido,masculino,desconhecido,,,https://www.wikidata.org/wiki/Q113774586,,Q113774586,Nelson Maldonado Torres,professor of philosophy,,https://www.wikidata.org/wiki/Q113774586,,https://en.wikipedia.org/wiki/Nelson_Maldonado-Torres,Nelson Maldonado-Torres,teólogo; filósofo; académico,academia/intelectual
Norman Ajari,1,['Screenshot_20251218_075431_Instagram.jpg'],['Norman Ajari'],desconhecido,desconhecido,masculino,desconhecido,,,https://www.wikidata.org/wiki/Q63197428,,Q63197428,Norman Ajari,American-French philosopher,,https://www.wikidata.org/wiki/Q63197428,,,Norman Ajari,filósofo,academia/intelectual
Oswald de Andrade,1,['Screenshot_20251218_075423_Instagram.jpg'],['Oswald de Andrade'],desconhecido,desconhecido,masculino,desconhecido,,,https://www.wikidata.org/wiki/Q561169,,Q561169,Oswald de Andrade,"poeta, escritor, ensaísta e dramaturgo brasileiro",,https://www.wikidata.org/wiki/Q561169,https://pt.wikipedia.org/wiki/Oswald_de_Andrade,https://en.wikipedia.org/wiki/Oswald_de_Andrade,Oswald de Andrade,poeta; dramaturgo; escritor; jornalista; romancista,artes/letras
Paulo Emílio Salles Gomes,1,['Screenshot_20251218_075421_Instagram.jpg'],['Paulo Emílio Salles Gomes'],desconhecido,desconhecido,masculino,desconhecido,,,https://www.wikidata.org/wiki/Q2064014,,Q2064014,Paulo Emílio,Brazilian journalist and author (1916–1977),,https://www.wikidata.org/wiki/Q2064014,https://pt.wikipedia.org/wiki/Paulo_Emílio_(crítico_de_cinema),https://en.wikipedia.org/wiki/Paulo_Emílio_Sales_Gomes,Paulo Emílio Salles Gomes,jornalista; escritor; professor universitário,academia/intelectual
Pierre Charbonnier,1,['Screenshot_20251218_075409_Instagram.jpg'],['Pierre Charbonnier'],desconhecido,desconhecido,masculino,desconhecido,,,https://www.wikidata.org/wiki/Q93725925,,Q93725925,Pierre Charbonnier,filósofo francês,,https://www.wikidata.org/wiki/Q93725925,,https://en.wikipedia.org/wiki/Pierre_Charbonnier,Pierre Charbonnier,filósofo,academia/intelectual
Ramón Grosfoguel,1,['Screenshot_20251218_075434_Instagram.jpg'],['Ramón Grosfoguel'],desconhecido,desconhecido,masculino,desconhecido,,,https://www.wikidata.org/wiki/Q19363185,,Q19363185,Ramón Grosfoguel,Puerto Rican sociologist,,https://www.wikidata.org/wiki/Q19363185,,https://en.wikipedia.org/wiki/Ramón_Grosfoguel,Ramón Grosfoguel,sociólogo,outros
Rita Laura Segato,1,['Screenshot_20251218_075437_Instagram.jpg'],['Rita Laura Segato'],desconhecido,desconhecido,feminino,desconhecido,,,https://www.wikidata.org/wiki/Q28791291,,Q28791291,Rita Laura Segato,antropóloga argentina,,https://www.wikidata.org/wiki/Q28791291,https://pt.wikipedia.org/wiki/Rita_Laura_Segato,https://en.wikipedia.org/wiki/Rita_Laura_Segato,Rita Laura Segato,antropólogo,academia/intelectual
Susan Buck-Morss,1,['Screenshot_20251218_075409_Instagram.jpg'],['Susan Buck-Morss'],desconhecido,desconhecido,feminino,desconhecido,,,https://www.wikidata.org/wiki/Q3267701,,Q3267701,Susan Buck-Morss,filósofa norte-americana,,https://www.wikidata.org/wiki/Q3267701,,https://en.wikipedia.org/wiki/Susan_Buck-Morss,Susan Buck-Morss,filósofo; sociólogo; cientista político,academia/intelectual
Thomas Hobbes,1,['Screenshot_20251218_075409_Instagram.jpg'],['Thomas Hobbes'],ingleses,desconhecido,masculino,desconhecido,https://www.wikidata.org/wiki/Q37621,,https://www.wikidata.org/wiki/Q37621,,Q37621,Thomas Hobbes,Filósofo britânico,,https://www.wikidata.org/wiki/Q37621,https://pt.wikipedia.org/wiki/Thomas_Hobbes,https://en.wikipedia.org/wiki/Thomas_Hobbes,Thomas Hobbes,cientista político; matemático; filósofo; economista; político,academia/intelectual
Vladimir Ilitch Lenin,1,['Screenshot_20251218_075418_Instagram.jpg'],['Vladimir Ilitch Lenin'],russos,desconhecido,masculino,heterossexualidade,https://www.wikidata.org/wiki/Q1394,,https://www.wikidata.org/wiki/Q1394,https://www.wikidata.org/wiki/Q1394,Q1394,Vladimir Lenine,líder fundador da União Soviética de 1922 a 1924,,https://www.wikidata.org/wiki/Q1394,https://pt.wikipedia.org/wiki/Lenin,https://en.wikipedia.org/wiki/Vladimir_Lenin,Vladimir Lenin,político; escritor; economista; advogado; revolucionário,artes/letras
Vladimir Lenin,1,['Screenshot_20251218_075415_Instagram.jpg'],['Vladimir Lenin'],russos,desconhecido,masculino,heterossexualidade,https://www.wikidata.org/wiki/Q1394,,https://www.wikidata.org/wiki/Q1394,https://www.wikidata.org/wiki/Q1394,Q1394,Vladimir Lenine,líder fundador da União Soviética de 1922 a 1924,,https://www.wikidata.org/wiki/Q1394,https://pt.wikipedia.org/wiki/Lenin,https://en.wikipedia.org/wiki/Vladimir_Lenin,Vladimir Lenin,político; escritor; economista; advogado; revolucionário,artes/letras
Yuk Hui,1,['Screenshot_20251218_075409_Instagram.jpg'],['Yuk Hui'],desconhecido,desconhecido,masculino,desconhecido,,,https://www.wikidata.org/wiki/Q106863978,,Q106863978,Yuk Hui,filósofo,,https://www.wikidata.org/wiki/Q106863978,,https://en.wikipedia.org/wiki/Yuk_Hui,Yuk Hui,filósofo; professor universitário,academia/intelectual
Éric Aliez,1,['Screenshot_20251218_075418_Instagram.jpg'],['Éric Aliez'],desconhecido,desconhecido,desconhecido,desconhecido,,,,,,,,,,,,,,desconhecido
