name,mentions,images,evidence_lines,raca,classe,genero,orientacao_sexual,fonte_raca,fonte_classe,fonte_genero,fonte_orientacao_sexual
Enrique Dussel,4,"['Screenshot_20251218_075429_Instagram.jpg', 'Screenshot_20251218_075434_Instagram.jpg']",['Enrique Dussel'],desconhecido,desconhecido,desconhecido,desconhecido,,,,
Vladimir Safatle,4,"['Screenshot_20251218_075412_Instagram.jpg', 'Screenshot_20251218_075421_Instagram.jpg', 'Screenshot_20251218_075431_Instagram.jpg', 'Screenshot_20251218_075437_Instagram.jpg']",['Vladimir Safatle'],desconhecido,desconhecido,desconhecido,desconhecido,,,,
Frantz Fanon,3,"['Screenshot_20251218_075415_Instagram.jpg', 'Screenshot_20251218_075418_Instagram.jpg']",['Frantz Fanon'],desconhecido,desconhecido,desconhecido,desconhecido,,,,
Ranajit Guha,3,"['Screenshot_20251218_075421_Instagram.jpg', 'Screenshot_20251218_075426_Instagram.jpg']",['Ranajit Guha'],desconhecido,desconhecido,desconhecido,desconhecido,,,,
Roberto Schwarz,3,"['Screenshot_20251218_075415_Instagram.jpg', 'Screenshot_20251218_075421_Instagram.jpg']",['Roberto Schwarz'],desconhecido,desconhecido,desconhecido,desconhecido,,,,
Aníbal Quijano,2,"['Screenshot_20251218_075429_Instagram.jpg', 'Screenshot_20251218_075437_Instagram.jpg']",['Aníbal Quijano'],desconhecido,desconhecido,desconhecido,desconhecido,,,,
Carl Schmitt,2,"['Screenshot_20251218_075406_Instagram.jpg', 'Screenshot_20251218_075412_Instagram.jpg']",['Carl Schmitt'],desconhecido,desconhecido,desconhecido,desconhecido,,,,
Edward W Said,2,"['Screenshot_20251218_075423_Instagram.jpg', 'Screenshot_20251218_075426_Instagram.jpg']",['Edward W Said'],desconhecido,desconhecido,desconhecido,desconhecido,,,,
G Hegel,2,['Screenshot_20251218_075409_Instagram.jpg'],['G Hegel'],desconhecido,desconhecido,desconhecido,desconhecido,,,,
Gayatri Chakravorty Spivak,2,"['Screenshot_20251218_075423_Instagram.jpg', 'Screenshot_20251218_075426_Instagram.jpg']",['Gayatri Chakravorty Spivak'],desconhecido,desconhecido,desconhecido,desconhecido,,,,
Karl Marx,2,"['Screenshot_20251218_075412_Instagram.jpg', 'Screenshot_20251218_075421_Instagram.jpg']",['Karl Marx'],desconhecido,desconhecido,desconhecido,desconhecido,,,,
Maurizio Lazzarato,2,['Screenshot_20251218_075418_Instagram.jpg'],['Maurizio Lazzarato'],desconhecido,desconhecido,desconhecido,desconhecido,,,,
Michel de Montaigne,2,"['Screenshot_20251218_075406_Instagram.jpg', 'Screenshot_20251218_075412_Instagram.jpg']",['Michel de Montaigne'],desconhecido,desconhecido,desconhecido,desconhecido,,,,
Rosa Luxemburgo,2,['Screenshot_20251218_075418_Instagram.jpg'],['Rosa Luxemburgo'],desconhecido,desconhecido,desconhecido,desconhecido,,,,
S Eisenstadt,2,"['Screenshot_20251218_075423_Instagram.jpg', 'Screenshot_20251218_075434_Instagram.jpg']",['S Eisenstadt'],desconhecido,desconhecido,desconhecido,desconhecido,,,,
Silvia Rivera Cusicanqui,2,['Screenshot_20251218_075434_Instagram.jpg'],['Silvia Rivera Cusicanqui'],desconhecido,desconhecido,desconhecido,desconhecido,,,,
Walter D Mignolo,2,['Screenshot_20251218_075437_Instagram.jpg'],['Walter D Mignolo'],desconhecido,desconhecido,desconhecido,desconhecido,,,,
Aimé Césaire,1,['Screenshot_20251218_075418_Instagram.jpg'],['Aimé Césaire'],desconhecido,desconhecido,desconhecido,desconhecido,,,,
Amílcar Cabral,1,['Screenshot_20251218_075418_Instagram.jpg'],['Amílcar Cabral'],desconhecido,desconhecido,desconhecido,desconhecido,,,,
Antonio Gramsci,1,['Screenshot_20251218_075426_Instagram.jpg'],['Antonio Gramsci'],desconhecido,desconhecido,desconhecido,desconhecido,,,,
Arturo Escobar,1,['Screenshot_20251218_075434_Instagram.jpg'],['Arturo Escobar'],desconhecido,desconhecido,desconhecido,desconhecido,,,,
Barbara Arneil,1,['Screenshot_20251218_075409_Instagram.jpg'],['Barbara Arneil'],desconhecido,desconhecido,desconhecido,desconhecido,,,,
Bartolomé de Las Casas,1,['Screenshot_20251218_075412_Instagram.jpg'],['Bartolomé de Las Casas'],desconhecido,desconhecido,desconhecido,desconhecido,,,,
Bjorn Wittrock,1,['Screenshot_20251218_075423_Instagram.jpg'],['Bjorn Wittrock'],desconhecido,desconhecido,desconhecido,desconhecido,,,,
Catherine E Walsh,1,['Screenshot_20251218_075437_Instagram.jpg'],['Catherine E Walsh'],desconhecido,desconhecido,desconhecido,desconhecido,,,,
Celso Furtado,1,['Screenshot_20251218_075418_Instagram.jpg'],['Celso Furtado'],desconhecido,desconhecido,desconhecido,desconhecido,,,,
Chantal Mouffe,1,['Screenshot_20251218_075426_Instagram.jpg'],['Chantal Mouffe'],desconhecido,desconhecido,desconhecido,desconhecido,,,,
Daniela Coelho Dos Santos,1,['Screenshot_20251218_075434_Instagram.jpg'],['Daniela Coelho Dos Santos'],desconhecido,desconhecido,desconhecido,desconhecido,,,,
David Graeber,1,['Screenshot_20251218_075409_Instagram.jpg'],['David Graeber'],desconhecido,desconhecido,desconhecido,desconhecido,,,,
David James,1,['Screenshot_20251218_075409_Instagram.jpg'],['David James'],desconhecido,desconhecido,desconhecido,desconhecido,,,,
David Wengrow,1,['Screenshot_20251218_075409_Instagram.jpg'],['David Wengrow'],desconhecido,desconhecido,desconhecido,desconhecido,,,,
Denise Ferreira Da Silva,1,['Screenshot_20251218_075434_Instagram.jpg'],['Denise Ferreira Da Silva'],desconhecido,desconhecido,desconhecido,desconhecido,,,,
Dipesh Chakrabarty,1,['Screenshot_20251218_075426_Instagram.jpg'],['Dipesh Chakrabarty'],desconhecido,desconhecido,desconhecido,desconhecido,,,,
Edouard Glissant,1,['Screenshot_20251218_075426_Instagram.jpg'],['Edouard Glissant'],desconhecido,desconhecido,desconhecido,desconhecido,,,,
Franz Knappik,1,['Screenshot_20251218_075409_Instagram.jpg'],['Franz Knappik'],desconhecido,desconhecido,desconhecido,desconhecido,,,,
Hannah Arendt,1,['Screenshot_20251218_075418_Instagram.jpg'],['Hannah Arendt'],desconhecido,desconhecido,desconhecido,desconhecido,,,,
Homi K Bhabha,1,['Screenshot_20251218_075423_Instagram.jpg'],['Homi K Bhabha'],desconhecido,desconhecido,desconhecido,desconhecido,,,,
Ismail Xavier,1,['Screenshot_20251218_075421_Instagram.jpg'],['Ismail Xavier'],desconhecido,desconhecido,desconhecido,desconhecido,,,,
Jacques Derrida,1,['Screenshot_20251218_075426_Instagram.jpg'],['Jacques Derrida'],desconhecido,desconhecido,desconhecido,desconhecido,,,,
Jean-Christophe Goddard,1,['Screenshot_20251218_075434_Instagram.jpg'],['Jean-Christophe Goddard'],desconhecido,desconhecido,desconhecido,desconhecido,,,,
Johann Pall Arnason,1,['Screenshot_20251218_075423_Instagram.jpg'],['Johann Pall Arnason'],desconhecido,desconhecido,desconhecido,desconhecido,,,,
John Locke,1,['Screenshot_20251218_075412_Instagram.jpg'],['John Locke'],desconhecido,desconhecido,desconhecido,desconhecido,,,,
José Carlos Mariátegui,1,['Screenshot_20251218_075418_Instagram.jpg'],['José Carlos Mariátegui'],desconhecido,desconhecido,desconhecido,desconhecido,,,,
Juan Ginés de Sepúlveda,1,['Screenshot_20251218_075412_Instagram.jpg'],['Juan Ginés de Sepúlveda'],desconhecido,desconhecido,desconhecido,desconhecido,,,,
Lélia Gonzalez,1,['Screenshot_20251218_075426_Instagram.jpg'],['Lélia Gonzalez'],desconhecido,desconhecido,desconhecido,desconhecido,,,,
María Lugones,1,['Screenshot_20251218_075434_Instagram.jpg'],['María Lugones'],desconhecido,desconhecido,desconhecido,desconhecido,,,,
Nascimento Abdias,1,['Screenshot_20251218_075434_Instagram.jpg'],['Nascimento Abdias'],desconhecido,desconhecido,desconhecido,desconhecido,,,,
Nelson Maldonado-Torres,1,['Screenshot_20251218_075434_Instagram.jpg'],['Nelson Maldonado-Torres'],desconhecido,desconhecido,desconhecido,desconhecido,,,,
Norman Ajari,1,['Screenshot_20251218_075431_Instagram.jpg'],['Norman Ajari'],desconhecido,desconhecido,desconhecido,desconhecido,,,,
Oswald de Andrade,1,['Screenshot_20251218_075423_Instagram.jpg'],['Oswald de Andrade'],desconhecido,desconhecido,desconhecido,desconhecido,,,,
Paulo Emílio Salles Gomes,1,['Screenshot_20251218_075421_Instagram.jpg'],['Paulo Emílio Salles Gomes'],desconhecido,desconhecido,desconhecido,desconhecido,,,,
Pierre Charbonnier,1,['Screenshot_20251218_075409_Instagram.jpg'],['Pierre Charbonnier'],desconhecido,desconhecido,desconhecido,desconhecido,,,,
Ramón Grosfoguel,1,['Screenshot_20251218_075434_Instagram.jpg'],['Ramón Grosfoguel'],desconhecido,desconhecido,desconhecido,desconhecido,,,,
Rita Laura Segato,1,['Screenshot_20251218_075437_Instagram.jpg'],['Rita Laura Segato'],desconhecido,desconhecido,desconhecido,desconhecido,,,,
Susan Buck-Morss,1,['Screenshot_20251218_075409_Instagram.jpg'],['Susan Buck-Morss'],desconhecido,desconhecido,desconhecido,desconhecido,,,,
Thomas Hobbes,1,['Screenshot_20251218_075409_Instagram.jpg'],['Thomas Hobbes'],desconhecido,desconhecido,desconhecido,desconhecido,,,,
Vladimir Ilitch Lenin,1,['Screenshot_20251218_075418_Instagram.jpg'],['Vladimir Ilitch Lenin'],desconhecido,desconhecido,desconhecido,desconhecido,,,,
Vladimir Lenin,1,['Screenshot_20251218_075415_Instagram.jpg'],['Vladimir Lenin'],desconhecido,desconhecido,desconhecido,desconhecido,,,,
Yuk Hui,1,['Screenshot_20251218_075409_Instagram.jpg'],['Yuk Hui'],desconhecido,desconhecido,desconhecido,desconhecido,,,,
Éric Aliez,1,['Screenshot_20251218_075418_Instagram.jpg'],['Éric Aliez'],desconhecido,desconhecido,desconhecido,desconhecido,,,,
